raw_id,idAbonnement,idFournisseur,titreAbonnement,descriptionAbonnement,prixAbonnement,categorieAbonnement,date_extraction,source_system
1,ABN00001,FRN0018,Le droit de louer sans soucis,"Puis mémoire retenir cheval toute. Dehors étoile secrétaire. Type abattre personne.
Cours vite gens vendre. Prétendre bête titre sûr.",86.48,FORFAIT APPEL CONX,2025-02-09 08:42:33,CRM_System
2,ABN00002,FRN0001,L'avantage d'avancer plus facilement,"Hôtel enfermer casser existence. Humide indiquer seulement beaucoup rien.
Appartement second environ beauté désigner exécuter loup plutôt. Rue compagnon un siècle milieu.",54,FORFAIT APPEL CONX,2025-04-07 08:06:59,Legacy_DB
3,ABN00003,FRN0002,Le plaisir de rouler naturellement,"Raise common Democrat cost evidence third.
People early far include nearly article evidence case.
Eat yes myself affect him require look. General not focus establish ago others ahead.",54.25 €,CLOUD,2025-01-10 19:59:19,API_Import
4,ABN00004,FRN0020,User-centric analyzing task-force,"Habiller projet lentement fil grain événement te. Doux sourd angoisse ouvrir descendre.
Fusil mériter attendre doux chaleur couler sourire. Désirer vouloir mêler agiter fil preuve jeu.",32.36 €,Cloud Storage,2025-02-12 14:31:55,Web_Form
5,ABN00005,FRN0004,Le confort de changer sans soucis,Tenter âme précis trou moindre moindre. Seconde robe victime médecin complètement. Beau dehors dame.,"26,35",STREAMING,2025-04-22 18:55:10,Manual_Entry
6,ABN00006,FRN0016,Le confort d'atteindre vos buts de manière sûre,Compagnon vêtement pourquoi tour reprendre davantage. Rompre feu puissance écouter compte abattre premier mot. Ancien observer titre verser dans moitié traiter.,"53,34",MUSIC,2025-01-01 05:58:14,Legacy_DB
7,ABN00007,FRN0003,Le pouvoir de concrétiser vos projets à sa source,"Sourire larme feu même. Santé résistance naissance rayon. Clef autrefois sentiment écraser énorme.
État souvent claire avance. Est voici suivant préparer.",EUR 92.58,TELECOM,2025-03-12 01:35:04,Legacy_DB
8,ABN00008,FRN0019,Le pouvoir d'avancer en toute tranquilité,"Very yard community door fish scene. Trial agreement red way nor none. Student special wife my compare.
Argue own after long.",74,Cloud Storage,2025-05-23 05:00:28,Legacy_DB
9,ABN00009,FRN0013,Optional scalable matrix,"Religious no threat party. Development open compare fill read camera. We we hot.
Consider fish speak. Determine not view cell seat draw word collection. Start prove role from.","36,58",CLOUD,2025-05-09 13:14:16,Web_Form
10,ABN00010,FRN0011,Le confort d'innover plus rapidement,"En former jusque peu. Passion fixe fatiguer figure. Hiver direction inquiétude début.
Attention ramener placer bas éteindre me vide. Décider attendre finir maintenant verre porte trait mot.","86,32",Cloud Storage,2025-01-16 05:13:25,Legacy_DB
11,ABN00011,FRN0002,L'art d'avancer plus rapidement,Forme entretenir double immobile son repousser papa. Renverser cacher cher mon ne vérité bois. Moi bon du mari.,68.05 €,streaming,2025-01-20 01:43:34,API_Import
12,ABN00012,FRN0001,Le confort d'innover à sa source,"Just information coach increase think goal.
Stock small official serve. Class available suffer far five. Avoid color heart rule.",14.53 €,FORFAIT APPEL CONX,2025-02-27 17:59:14,Manual_Entry
13,ABN00013,FRN0013,L'art d'innover à sa source,"Anyone occur style child. About because station person lose best.
Point with list break. Likely thus enter politics hold he.",97.15,TELECOM,2025-03-22 22:18:06,Mobile_App_v2
14,ABN00014,FRN0016,Synergized methodical orchestration,Construire crier saisir que. Soit sable lui cinquante endormir lit chair. Souffrance amener contre savoir seconde désirer imaginer. Près dont saint lire partie ceci.,73,STREAMING,2025-03-09 21:59:57,API_Import
15,ABN00015,FRN0014,Front-line methodical framework,"Secours dieu sauvage beaucoup. Finir coeur mort. Signer paysan plutôt divers fruit.
Inventer cerveau compagnie.
Détacher révolution empêcher vers patron.",11.5,TELECOM,2025-01-16 07:57:25,Manual_Entry
16,ABN00016,FRN0011,Object-based transitional alliance,"Too song quality per build serious common. Will speak call interest. Dark state challenge organization floor road.
Hold however for everybody. True actually red onto site both change.",71.87,CLOUD,2025-02-23 18:22:38,Mobile_App_v2
17,ABN00017,FRN0006,La possibilité de changer de manière efficace,Petit point produire permettre vraiment différent. Franchir quand nécessaire vous rose été. Port pas jamais traverser exister. Sentiment sein sortir conduire blanc.,18.83 €,STREAMING,2025-03-14 07:41:58,API_Import
18,ABN00018,FRN0015,Ameliorated global utilization,Difficile école seuil intérêt soirée nerveux. Autour subir lèvre sol figurer égal article si. Voler etc voile suivant.,EUR 27.88,FORFAIT APPEL CONX,2025-02-28 20:20:18,Mobile_App_v2
19,ABN00019,FRN0003,Le pouvoir de rouler de manière efficace,"Public tuer suite rare manier. Plusieurs parcourir désir. Énergie bord lier empire aucun après.
Proposer nouveau essuyer souvent voyage été table. Raconter colline tapis roi agir de.","32,33",CLOUD,2025-03-02 09:07:43,API_Import
20,ABN00020,FRN0013,L'avantage de rouler à l'état pur,Teach range win direction feel season similar. Especially indicate population could deep station.,"48,4",STREAMING,2025-01-21 23:50:42,Web_Form
21,ABN00021,FRN0013,Assimilated disintermediate hub,"Land whether listen necessary general study else store. Expect hit clear occur. Tax positive question especially important.
Listen car community.
Education source figure whom poor.",EUR 33.11,STREAMING,2025-02-23 18:22:38,API_Import
22,ABN00022,FRN0010,Le pouvoir d'avancer à la pointe,Premier course pont accrocher glace bon machine. Oeil chaleur sauvage branche prison caractère calme briller.,78.94 €,streaming,2025-01-22 10:38:43,Mobile_App_v2
23,ABN00023,FRN0005,Fundamental solution-oriented structure,"Cher beau lors profond bon devenir défendre. Discours arracher rôle son seul. Rêve enfance quarante bien rayon après.
Envoyer sujet user distinguer. Fauteuil été calme fou.",25.81,Cloud Storage,2025-03-27 01:59:12,Manual_Entry
24,ABN00024,FRN0010,L'avantage d'atteindre vos buts de manière sûre,Amener politique secret vieillard certainement tirer calme fumer. Attitude père action. Regard mur moitié vin plaisir est maintenant.,EUR 8.17,Cloud Storage,2025-05-07 12:03:13,Legacy_DB
25,ABN00025,FRN0009,Le plaisir de concrétiser vos projets naturellement,"Change she tonight south sort. Identify floor cause agent market fast trade identify.
Remain occur couple risk develop movement size trade.",17.56 €,CLOUD,2025-04-22 06:32:10,Legacy_DB
26,ABN00026,FRN0003,Le plaisir de concrétiser vos projets naturellement,Approach plant oil per line create build. Morning including that character yeah garden.,33.04 €,TELECOM,2025-03-03 08:57:12,Web_Form
27,ABN00027,FRN0012,Sharable interactive initiative,"Himself also current health add focus street. Adult above safe difficult theory. Can himself open cold statement.
Lay minute model its rather. Garden top grow could.",86.71,TELECOM,2025-05-02 00:01:06,Legacy_DB
28,ABN00028,FRN0019,Le droit de rouler plus rapidement,"Yes product president after ready indicate herself natural.
Day rate act inside. Production establish paper case. Memory pay executive size.","68,92",TELECOM,2025-03-20 08:09:54,Manual_Entry
29,ABN00029,FRN0018,Re-engineered static methodology,"Single avoid rich toward. Lead with enough anyone spend.
Growth quality international break surface.
System professional color.",EUR 27.21,streaming,2025-03-22 01:38:12,Web_Form
30,ABN00030,FRN0004,L'avantage d'innover à la pointe,"Indeed opportunity soon question. Particularly single particularly television.
Turn both in animal energy fire relate. Should office north within prove full mission.",65.36 €,STREAMING,2025-02-15 15:10:45,CRM_System
31,ABN00031,FRN0015,La liberté de concrétiser vos projets avant-tout,"Know of because material firm wonder seat. Bill include news.
Social white point three.
Pressure lay future stay staff. Forward should outside respond guy laugh best. Able great plant son natural.",EUR 14.23,Cloud Storage,2025-04-25 08:03:31,Manual_Entry
32,ABN00032,FRN0004,Decentralized zero administration knowledge user,Rose sens erreur. Obéir prince face ici blanc peser abri examiner. Menacer faveur briller sûr large.,"74,03",streaming,2025-03-30 19:34:55,Legacy_DB
33,ABN00033,FRN0008,Switchable optimizing middleware,Above save network item one under sit. Reality community spring billion.,EUR 70.58,STREAMING,2025-05-18 22:41:14,Manual_Entry
34,ABN00034,FRN0004,Streamlined context-sensitive middleware,Report set no old wall report. Experience suggest space mission agent certainly prove. Environment size worker raise chair.,"10,75",STREAMING,2025-04-18 10:13:17,Manual_Entry
35,ABN00035,FRN0005,Synchronized actuating implementation,Joindre loi titre compte naissance prouver cependant fixe. Oeuvre entier soulever genre oiseau pour désigner former. Victime idée cesse gagner précipiter quoi.,37,MUSIC,2025-03-17 06:08:08,CRM_System
36,ABN00036,FRN0005,Operative zero tolerance software,Approach season data than team kitchen difficult. Sense national owner simply who family. Work avoid while same.,27,STREAMING,2025-05-04 16:03:50,Mobile_App_v2
37,ABN00037,FRN0001,Le plaisir de louer à la pointe,Morceau placer général quitter selon du séparer rire. Briller fier arriver asseoir disposer reposer vite. Chaud attention répondre courir me.,18.75 €,STREAMING,2025-03-28 00:49:37,Mobile_App_v2
38,ABN00038,FRN0014,Switchable exuding matrix,"Group six fish detail contain attention measure. Myself idea glass third professional former. Despite sell most you statement.
Protect knowledge toward party.",10,STREAMING,2025-02-09 22:04:12,Manual_Entry
39,ABN00039,FRN0008,Public-key tangible support,Section child learn forward. Available concern edge audience. Treat imagine later identify first.,48,STREAMING,2025-04-16 23:15:37,Manual_Entry
40,ABN00040,FRN0002,La liberté de louer de manière sûre,"Fear thought whole term. Whatever action themselves center among of.
Natural be decide scientist rise deep town. Central contain pattern education boy provide note. Surface usually yes.","48,51",TELECOM,2025-04-25 06:04:27,Legacy_DB
41,ABN00041,FRN0011,Face-to-face transitional support,"Style care run there leg. Simple main board population bank exactly. Through cultural safe phone.
Support place spend. If operation trade necessary myself your line simple.",90,MUSIC,2025-03-11 16:06:30,CRM_System
42,ABN00042,FRN0020,La liberté d'avancer plus facilement,"Seven discussion enough doctor protect.
Hold truth thing always possible billion. Plant event score official now heavy her. President structure might heavy trade might good test.",41,CLOUD,2025-04-25 17:17:06,Legacy_DB
43,ABN00043,FRN0018,La possibilité d'avancer autrement,"Douter discours claire sentiment accepter installer.
Chiffre entourer arrêter. Où peuple justice mot existence répondre ennemi dangereux.",45.87 €,FORFAIT APPEL CONX,2025-02-01 07:27:43,Legacy_DB
44,ABN00044,FRN0011,Le plaisir de louer naturellement,"Tête dernier appartement sous figure retirer calme deviner. Air l'un rejeter lourd loi.
Effacer pénétrer ensuite. Troubler combien vague marquer. Parcourir cri parfois.","42,88",CLOUD,2025-05-06 16:26:47,Manual_Entry
45,ABN00045,FRN0003,Open-source 3rdgeneration encryption,"Article rester million moyen. Tempête froid humain franchir engager.
Marcher passer ouvrage rapporter. Après sérieux exiger lier eaux pont oeuvre drame. Figure sac amuser chute dangereux qui.",29.21,FORFAIT APPEL CONX,2025-03-22 03:06:33,CRM_System
46,ABN00046,FRN0018,Balanced clear-thinking orchestration,Claire dans se corde. Plan monde article ramasser. Impossible mentir écarter auquel bleu promener journée.,EUR 17.36,Cloud Storage,2025-03-26 16:29:07,CRM_System
47,ABN00047,FRN0002,L'art d'évoluer à l'état pur,Care mention three chair. Election conference when out. Point these road start water describe paper. Test color store over some star consider.,EUR 94.41,streaming,2025-04-14 04:38:35,Mobile_App_v2
48,ABN00048,FRN0004,Profit-focused web-enabled capability,Inconnu exister empêcher mesure complètement oeuvre selon. Suffire côté puisque parcourir. Suite service parole rôle.,EUR 25.21,TELECOM,2025-01-19 02:17:48,API_Import
49,ABN00049,FRN0020,Le confort d'évoluer sans soucis,Pur joindre exister dame. Dégager discours delà plaine lune respecter fixer. Soulever appartement peine bord vert parti donner.,85,Cloud Storage,2025-04-04 15:24:20,Manual_Entry
50,ABN00050,FRN0009,Switchable clear-thinking portal,"To simple power. Inside themselves recently investment voice lot shoulder. Open scientist seven recent best care.
Travel base our myself election. Remember smile official. Mind heart day sound.",EUR 67.49,CLOUD,2025-04-28 07:49:38,Mobile_App_v2
51,ABN00051,FRN0001,La possibilité d'évoluer naturellement,"Land record class Democrat hundred. Song pass range appear home player.
Likely outside because enjoy. Bag also his worker pass minute.",5.58,Cloud Storage,2025-02-02 03:46:44,API_Import
52,ABN00052,FRN0019,Le confort d'évoluer avant-tout,Peu garder épaule calme. Jeter nombreux paysan fumée dernier centre nord. Parfois apparence mort aspect. Toile l'un françois vêtir pas.,74,STREAMING,2025-05-09 02:11:09,CRM_System
53,ABN00053,FRN0014,User-centric tertiary architecture,Commander pont toile nouveau aussitôt. Fin brûler cour silencieux ligne gens. Oeil compte tâche nul.,"12,75",streaming,2025-01-18 12:12:12,Legacy_DB
54,ABN00054,FRN0019,Reactive executive success,"Réfléchir témoin bande nuage mêler devoir accent. Naissance caractère accomplir.
Front briller grâce neuf dimanche mari. Faible dos point rappeler garçon répéter joie.","37,79",streaming,2025-04-19 13:39:34,Manual_Entry
55,ABN00055,FRN0007,Reduced grid-enabled hardware,"Flamme partir rêver saint.
Habitude au d'autres avis apercevoir fils vivre oreille. Du ventre assister remarquer complètement le acheter. Du anglais nul lumière dégager comme animer.",25.95 €,TELECOM,2025-01-18 12:12:12,Mobile_App_v2
56,ABN00056,FRN0018,La possibilité de louer avant-tout,"Oeuvre corde tout moyen digne. Lit mince lier étage car loup.
Rôle moyen pourquoi vers moindre regretter rassurer. Point supposer six jeunesse devoir fil résistance.",16.4 €,streaming,2025-02-23 16:37:11,API_Import
57,ABN00057,FRN0001,Le droit de louer avant-tout,"Divers trop poitrine témoin leur couler pur. Coûter courage désormais ouvrage chute.
Tirer plus phrase oreille. Valeur sept fatiguer enfoncer surprendre soulever mouvement.","86,87",STREAMING,2025-02-13 22:36:48,Mobile_App_v2
58,ABN00058,FRN0001,Robust content-based knowledgebase,"Above company media next me future bring. What then spend offer reason whom none. Serious which learn leave only.
Break attack plant yes quality discover firm.",EUR 72.4,MUSIC,2025-02-09 08:57:38,API_Import
59,ABN00059,FRN0014,La possibilité de concrétiser vos projets avant-tout,"Green single build bad what manage according tax. Summer he firm.
Make worker trouble exactly develop. Campaign moment institution vote allow girl team. Lead build million firm.
Purpose here beyond.",15,FORFAIT APPEL CONX,2025-05-14 19:57:14,API_Import
60,ABN00060,FRN0003,L'art de louer sans soucis,"Mener demander intérieur ordre. Connaissance goutte genre ramener façon fou.
Mort violence pont rompre. Rêver mieux sien côte réunir. Interrompre accuser glisser chacun.",79,Cloud Storage,2025-05-24 09:51:18,CRM_System
61,ABN00061,FRN0005,Distributed methodical workforce,"Entrer long remercier honneur avec oreille. Parole chasse combien rien essuyer parmi mort.
Classe déclarer enlever échapper. Oeil forcer souvenir rentrer travail.",23.42 €,STREAMING,2025-01-06 13:09:06,Web_Form
62,ABN00062,FRN0016,Advanced context-sensitive instruction set,"Simple entrer jambe vieux mauvais donc.
Vêtir pouvoir comprendre nu. Quoi sou habiter passé marche tel jeunesse décider. Herbe faible différent embrasser.","77,12",TELECOM,2025-04-03 15:17:37,API_Import
63,ABN00063,FRN0020,L'avantage de changer de manière sûre,"Faveur fumer minute force coeur quand fleur.
Direction gloire départ réduire témoin. Droite quelque rire gagner si. Chaise but île ici.",EUR 92.79,TELECOM,2025-04-08 00:17:40,Manual_Entry
64,ABN00064,FRN0019,Le plaisir de changer naturellement,"Military result size feel no nothing huge real. Democratic effect stuff benefit.
Guess night use election after. Go quickly paper officer. Company sister great pull maintain say threat.",35.03,CLOUD,2025-03-17 13:26:39,API_Import
65,ABN00065,FRN0003,User-friendly optimizing model,Cinq proposer quelqu'un mentir causer jeune. Coucher souvenir société d'abord calme.,32,streaming,2025-03-29 10:29:50,API_Import
66,ABN00066,FRN0019,Open-source composite contingency,"Road product wait red.
Cold billion as these nature. Side model you.
Peace base use hope director. Kitchen call money color along.",60.13 €,CLOUD,2025-03-22 01:00:32,API_Import
67,ABN00067,FRN0011,Fundamental coherent framework,Puis aider fête projet dessiner apparence. Mine meilleur juste mon mêler entre. Dos sauver tenter mien aussitôt choix écrire.,50.18,streaming,2025-01-03 01:11:37,Manual_Entry
68,ABN00068,FRN0006,Adaptive multi-state task-force,Entourer passer but maintenant auprès. Conclure amuser briser contraire. Morceau second personne. Paquet nombreux armée dans printemps admettre titre.,EUR 46.59,CLOUD,2025-03-16 19:46:22,Mobile_App_v2
69,ABN00069,FRN0011,Devolved grid-enabled forecast,Across two water local across involve fall. Someone nature country think join. Clear say hope her enjoy.,41.8,CLOUD,2025-03-27 03:10:10,CRM_System
70,ABN00070,FRN0020,La possibilité d'atteindre vos buts à sa source,Existence importance pierre source combat condition frais. Personne marche obéir trace tache mer.,41.72 €,CLOUD,2025-05-22 04:33:52,CRM_System
71,ABN00071,FRN0013,Advanced discrete array,"Management game find. Your less social form such weight argue.
Myself consider time economic. Stock business should eat side kitchen. Current same behind.",18.44 €,streaming,2025-05-10 11:01:22,Manual_Entry
72,ABN00072,FRN0017,Extended bifurcated encoding,Élément d'autres sien. Rejoindre trésor saint.,94.11,Cloud Storage,2025-05-03 21:34:10,Manual_Entry
73,ABN00073,FRN0016,Optional fresh-thinking access,Avec aspect rejoindre étouffer rouge gauche. Solitude déchirer penser observer. Parti part article.,39.37 €,MUSIC,2025-01-10 13:48:22,Web_Form
74,ABN00074,FRN0017,Down-sized even-keeled paradigm,"Dire fort habiter pouvoir reconnaître jeune. Juge pensée côte où pur. Depuis disparaître gris politique muet.
Goutte étrange ensuite notre ainsi émotion. Où voiture hésiter chat appuyer rouler.",19.72,Cloud Storage,2025-01-24 05:36:27,Mobile_App_v2
75,ABN00075,FRN0020,L'assurance de concrétiser vos projets naturellement,"Crainte marquer courant maintenir dieu joindre.
Ferme tantôt mal. Commencer droite résistance ouvert arriver.
Flamme doigt seul petit.
Éclat sourd finir. Loi presque taire joue nouveau battre.",63.71 €,Cloud Storage,2025-03-18 20:36:01,Legacy_DB
76,ABN00076,FRN0015,L'art d'atteindre vos buts à l'état pur,"Why ok real. Choice side eat matter rather full wide service.
Green child movie blue. Discussion word small series south just cover.",39.61 €,streaming,2025-04-09 05:56:02,Web_Form
77,ABN00077,FRN0019,Le plaisir d'atteindre vos buts à la pointe,Third people hair per. Return probably much hold model marriage. Child executive important focus benefit probably analysis.,"84,34",FORFAIT APPEL CONX,2025-05-20 09:24:03,Mobile_App_v2
78,ABN00078,FRN0020,Compatible 24/7 database,"Life police guess sea. State some around pay more same. Back democratic mind big discuss.
Cover prevent now way next. Indeed black police group learn professor third. Society nearly measure price.",52.78 €,TELECOM,2025-02-28 14:41:02,Mobile_App_v2
79,ABN00079,FRN0017,Le pouvoir de changer sans soucis,"Victime témoin épais médecin coûter champ. Politique cour chambre portier surprendre tellement gris.
Terre ennemi mille troubler caresser ennemi souffrir. Réfléchir souffrir garde.",9.96,CLOUD,2025-04-28 10:09:39,CRM_System
80,ABN00080,FRN0008,La liberté de louer plus facilement,"Worker Democrat fire sign wall.
Memory number occur behind leave choose enter. Economic eight feel now notice design baby foot.","19,0",CLOUD,2025-03-17 05:41:44,CRM_System
81,ABN00081,FRN0008,Optional intangible capability,Chambre convenir ancien réduire affaire dix gagner. Rassurer aujourd'hui toucher voici soit. Porter soit souvenir grand remonter offrir saison.,44.42,CLOUD,2025-01-10 13:44:00,CRM_System
82,ABN00082,FRN0016,L'assurance de concrétiser vos projets autrement,Up plant place approach modern floor north force. Check purpose young wife send.,66.75 €,TELECOM,2025-03-01 03:19:30,Manual_Entry
83,ABN00083,FRN0005,Le droit d'évoluer autrement,"Range office both including half couple. Order agency fight write pattern wrong. Perhaps key under do rate choose.
Science drug per challenge. Add really born late age.",25,Cloud Storage,2025-02-27 04:05:43,API_Import
84,ABN00084,FRN0014,Function-based composite approach,"Smile peace apply pressure across. Produce production tree growth blue fall.
Woman meet report tough machine. Mother cost may leader unit again easy morning. Majority season adult range green few.",10,FORFAIT APPEL CONX,2025-04-30 01:24:46,CRM_System
85,ABN00085,FRN0008,La possibilité d'évoluer naturellement,Profiter calme rencontrer transformer. Chaîne garçon humain conclure nombreux prêter cour. Beau entre peine prétendre coin puisque beauté.,90.99 €,CLOUD,2025-05-02 11:09:21,Legacy_DB
86,ABN00086,FRN0017,L'assurance d'évoluer plus rapidement,"Drive check wife travel forget my. Present ok range dark catch.
Involve training show prevent. True fish newspaper we brother fish they. She they increase.",EUR 59.21,STREAMING,2025-01-26 13:09:55,API_Import
87,ABN00087,FRN0002,Robust methodical structure,System man case cover. Impact why understand. Development provide dark daughter computer western.,"6,93",CLOUD,2025-01-09 05:40:20,Mobile_App_v2
88,ABN00088,FRN0004,Le droit de concrétiser vos projets à la pointe,"Source demeurer noire jamais fuir aventure obéir derrière.
Page million salle armée chemin. Année si placer secret égal tirer. Brusquement votre claire.",67,Cloud Storage,2025-01-13 14:34:35,Mobile_App_v2
89,ABN00089,FRN0015,Fully-configurable multi-state monitoring,Chacun poursuivre dormir mal maison pousser or. Mort violence malgré battre.,"66,07",Cloud Storage,2025-03-18 19:40:54,Web_Form
90,ABN00090,FRN0002,Le pouvoir de rouler avant-tout,"Hold share while couple keep this similar.
Coach family try ready tough less position. Reveal both single visit.
Hotel food agent law. Think bed food possible represent. Responsibility but box last.",10.99 €,STREAMING,2025-03-09 21:29:14,Mobile_App_v2
91,ABN00091,FRN0007,L'assurance d'avancer en toute tranquilité,Mer refuser calme espace forêt montagne veille. Conversation science toile jeter.,EUR 98.97,CLOUD,2025-01-13 20:34:30,CRM_System
92,ABN00092,FRN0015,L'assurance de rouler avant-tout,Phone brother capital dark performance. Activity marriage material space part. Down open little improve bag outside each.,"39,96",CLOUD,2025-03-14 20:44:55,Web_Form
93,ABN00093,FRN0014,L'avantage d'atteindre vos buts plus facilement,Soin ramasser près enfermer. Doigt bas sou. Humide tuer cuisine elle cacher réponse. Tenir heureux air joie lèvre.,52.14,FORFAIT APPEL CONX,2025-01-09 13:11:40,API_Import
94,ABN00094,FRN0010,L'art de concrétiser vos projets de manière efficace,"Réflexion queue aile rayon pas créer coup. Doucement ensemble hauteur caractère cher.
Affirmer papa lourd coûter. Mentir doigt trésor rêver mouvement comment.",EUR 32.91,FORFAIT APPEL CONX,2025-03-02 16:04:44,API_Import
95,ABN00095,FRN0012,Horizontal reciprocal protocol,Preuve plan marché vieillard rapport. Monsieur besoin révéler précéder blanc encore pauvre. Intérêt trou charger supporter devoir face connaissance.,74,FORFAIT APPEL CONX,2025-05-01 13:29:11,Mobile_App_v2
96,ABN00096,FRN0017,Team-oriented tangible policy,Concern lay often use behavior federal happy. Star serve successful assume likely business. Forget including decide decade around.,80.19 €,STREAMING,2025-02-17 07:40:57,Web_Form
97,ABN00097,FRN0012,Le droit d'atteindre vos buts plus rapidement,"Let someone scene. Son yourself increase free night.
Political real effort. Film media food accept.",EUR 46.63,FORFAIT APPEL CONX,2025-05-12 16:37:48,API_Import
98,ABN00098,FRN0003,L'avantage de louer à la pointe,"Peur avec tout mouvement. Calmer nouveau entrer blanc histoire en frapper.
Pont nouveau rue envie. Beaucoup rouge souvenir taille. Rare peu idée. Flot musique côte point engager.",47,MUSIC,2025-03-03 06:20:59,API_Import
99,ABN00099,FRN0006,Le pouvoir d'atteindre vos buts autrement,"Affect officer forward trouble somebody at chance. Fund heart move. Number hope organization ten.
Report even beautiful theory he stop. Democratic few born size sing.","96,25",streaming,2025-03-26 12:07:57,Legacy_DB
100,ABN00100,FRN0020,La liberté d'évoluer naturellement,"Least require mission. Financial analysis summer.
Level animal minute probably fine officer. Police decide customer expert mother.",EUR 78.62,Cloud Storage,2025-01-28 00:06:28,Legacy_DB
101,ABN00101,FRN0037,Ergonomic foreground time-frame,"Clearly poor option type. Social join brother. What news American service model ahead.
Surface agency feel. Explain term wall drug baby four service skill. Set believe pretty explain new son explain.",36,FORFAIT APPEL CONX,2025-03-06 10:55:23,CRM_System
102,ABN00102,FRN0016,Reactive fresh-thinking hardware,"Nourrir rendre demande.
Auteur expliquer fruit mêler. Accuser inquiétude odeur. Attaquer léger chaise.
Aller impossible ou. Content rencontrer perdu comment. Brusquement mauvais fier appel.",EUR 58.43,FORFAIT APPEL CONX,2025-01-11 10:41:46,Manual_Entry
103,ABN00103,FRN0028,Proactive zero tolerance hub,Fill should name everything office say street. Who note any fear throw mind song investment. At any former least do series. Know amount human century increase unit.,50.88,FORFAIT APPEL CONX,2025-01-29 02:20:58,Web_Form
104,ABN00104,FRN0008,Digitized eco-centric conglomeration,"Éclater repousser tache connaissance charger. Affirmer etc croix noir rapport chanter.
Dominer que homme semaine sourd fer ailleurs pleurer.",76.9,FORFAIT APPEL CONX,2025-02-11 06:44:59,Legacy_DB
105,ABN00105,FRN0026,Innovative multimedia ability,"Bag remember film result garden.
Blue movement firm example what up his street. Speak address everyone hard article you defense. Per full outside grow.",21.22,CLOUD,2025-05-15 00:22:19,CRM_System
106,ABN00106,FRN0040,Secured radical array,Between far church catch. Ago beautiful less until. Toward grow drive compare.,EUR 92.59,streaming,2025-04-22 15:33:57,Manual_Entry
107,ABN00107,FRN0024,Re-engineered disintermediate project,"User marier toile beaucoup révolution mauvais. Votre premier puis révéler sourire devant.
Respect te lourd glace croiser feuille. Te lèvre divers image. Longtemps défendre sable.",95,streaming,2025-02-17 06:52:44,Mobile_App_v2
108,ABN00108,FRN0009,L'assurance d'innover à la pointe,"Hors tuer ligne car mouvement. Fuir dormir construire prévoir accuser aujourd'hui combat. Port quel soirée expérience envoyer souffler recommencer.
Aide mener fermer ressembler.",25.01 €,streaming,2025-01-27 23:09:06,Manual_Entry
109,ABN00109,FRN0001,L'avantage de rouler autrement,"Résultat essayer mêler semaine baisser siècle témoin.
Yeux fixer appartenir ailleurs nouveau sein nom. Politique désirer caresser blanc se. Baisser billet source énorme peur mieux famille.",EUR 44.55,Cloud Storage,2025-02-11 02:20:37,Web_Form
110,ABN00110,FRN0039,Multi-layered regional definition,"Maintain page able position contain ok game between. Contain future resource quality. Ask science government outside able last young.
A soldier general sound describe. Bar his physical let site.",13.92 €,STREAMING,2025-02-23 22:20:04,Mobile_App_v2
111,ABN00111,FRN0019,Total bi-directional artificial intelligence,Into inside into around computer likely to. At ago offer network start possible. Natural image avoid return art car attorney.,"6,34",streaming,2025-01-31 03:48:29,Manual_Entry
112,ABN00112,FRN0013,Compatible client-driven implementation,"Positive happen determine marriage bar. Paper court always voice. Law from traditional now Mrs.
Reflect available century join outside. Maybe herself partner camera long who require billion.",34.05,streaming,2025-03-22 04:07:38,Web_Form
113,ABN00113,FRN0034,Optimized hybrid frame,Homme fenêtre moyen. Dessiner naturellement préparer société guère chemin art assurer. Disposer pauvre afin de chance.,17,Cloud Storage,2025-02-07 09:49:47,Legacy_DB
114,ABN00114,FRN0040,Le droit de rouler de manière efficace,Circonstance bien relation tuer. Préférer briser campagne genre autant comprendre parole.,"31,34",MUSIC,2025-02-05 17:27:05,Web_Form
115,ABN00115,FRN0010,Le confort d'atteindre vos buts plus rapidement,Tend theory the hard south maintain. Firm generation while travel major. Pull finish seem party within employee.,27.02 €,FORFAIT APPEL CONX,2025-01-28 18:24:10,CRM_System
116,ABN00116,FRN0031,Synergistic actuating instruction set,Then represent conference war science reduce pass. Sing either theory term authority offer feeling than.,EUR 9.96,CLOUD,2025-03-10 03:04:04,API_Import
117,ABN00117,FRN0023,Le confort de rouler à l'état pur,"Prier achever pur habitude entrer vague relation. Énergie promener vide empêcher compte.
Genre dame parti fil vers briser. Escalier accomplir leur quelque.",EUR 42.36,TELECOM,2025-03-17 05:32:23,API_Import
118,ABN00118,FRN0018,L'assurance d'avancer sans soucis,"Learn data power. Care fall new subject want way similar.
Population thing really unit recognize especially. Response house hundred role.
Culture picture provide support six space.",12.43 €,TELECOM,2025-03-27 19:32:31,Legacy_DB
119,ABN00119,FRN0028,La possibilité de concrétiser vos projets à la pointe,"École instant avis circonstance attaquer couvrir affaire gagner. Riche embrasser moitié votre.
Demain soi rocher emporter. Promettre souffler rapidement menacer trou.",EUR 79.95,MUSIC,2025-02-11 06:23:51,CRM_System
120,ABN00120,FRN0040,La liberté d'avancer de manière sûre,"Plan or remarquer mémoire. Manier indiquer abri plaine.
Debout plutôt résistance lèvre soi. Profondément maladie douceur rêve.
Volonté françois soirée. Étonner bleu bon. Confiance claire soudain.",45,MUSIC,2025-03-24 07:26:32,Legacy_DB
121,ABN00121,FRN0013,Optimized local service-desk,Age so coach with music if. Recently high system policy. Paper experience itself trouble card.,40.55,streaming,2025-04-14 00:45:29,Mobile_App_v2
122,ABN00122,FRN0018,Universal system-worthy strategy,"There describe model meeting police rock along. Point article article drop give.
Future reach street course plant billion middle. Local leader good anyone among. Billion idea use.",36.2,Cloud Storage,2025-03-24 09:20:59,Mobile_App_v2
123,ABN00123,FRN0004,Programmable interactive budgetary management,"Lequel bois prouver sommet fin.
Coeur yeux couper nourrir mériter. Papa tendre armer beau double transformer créer tête.",31,TELECOM,2025-05-26 21:06:21,CRM_System
124,ABN00124,FRN0031,La possibilité d'innover plus rapidement,"Number step history green save miss professional. Including live among fly.
Wide movie heart eight poor attack.",52,TELECOM,2025-04-23 23:32:41,CRM_System
125,ABN00125,FRN0009,Robust demand-driven ability,Sable envoyer façon accrocher casser court hasard. Essuyer colon carte interroger combat.,8.63,FORFAIT APPEL CONX,2025-02-09 07:13:23,CRM_System
126,ABN00126,FRN0013,Adaptive coherent toolset,Jeune remercier mari jouer secours. Honte genre société. Confier dur affaire.,57,Cloud Storage,2025-04-11 02:07:02,CRM_System
127,ABN00127,FRN0038,L'assurance d'atteindre vos buts à l'état pur,"Citizen stay condition senior involve. Specific develop first point specific report clearly. Themselves have feel blood.
Sound level couple. Movement nor line.",EUR 90.47,streaming,2025-04-02 16:25:27,CRM_System
128,ABN00128,FRN0033,User-friendly web-enabled budgetary management,Fall five really lose mean hope ability. Article kind bar available still respond everything cover.,43.3 €,Cloud Storage,2025-05-03 12:11:32,Mobile_App_v2
129,ABN00129,FRN0012,Phased bi-directional implementation,"Réussir pointe exemple haïr position descendre.
Beau as camarade frère. Saint fixer absolument toujours d'abord. Après traverser roman maintenant devoir renverser.",12.98,CLOUD,2025-01-21 19:17:39,Mobile_App_v2
130,ABN00130,FRN0030,L'art de changer de manière efficace,Fait autour jambe façon. Voisin pouvoir franchir rester défendre sol oser.,58.25,STREAMING,2025-01-27 13:36:27,CRM_System
131,ABN00131,FRN0011,Le droit de concrétiser vos projets avant-tout,"Its sign I lay fast parent rich help. Crime single administration past happen. View style war worry.
Cultural learn customer reason camera because. Set during perhaps actually. Gun expect public.",22.34,MUSIC,2025-01-20 02:57:09,Manual_Entry
132,ABN00132,FRN0013,La possibilité d'avancer avant-tout,"Choix si passage reconnaître roi. Claire puissance agir écrire éclat rayon semaine. Relation goût inconnu chant existence herbe.
Courant salut inquiéter expression révolution rappeler jeune.",12.72 €,CLOUD,2025-02-20 19:23:48,CRM_System
133,ABN00133,FRN0013,Persistent global policy,Classe commun différent. Politique franc chef humain mieux science. Horizon grandir chair.,EUR 31.5,MUSIC,2025-02-21 02:48:59,Web_Form
134,ABN00134,FRN0024,L'avantage de changer plus facilement,"Truth data five medical research group thus. Cost exist idea now stand his wife represent. World hold exist story speech age.
Wall wear realize stage. Interest chair million financial much enough.",EUR 46.76,TELECOM,2025-01-12 04:07:46,Manual_Entry
135,ABN00135,FRN0038,Digitized modular budgetary management,Role these receive cup doctor. Suddenly travel high require strategy customer. Become around reveal.,"21,2",MUSIC,2025-02-20 23:23:42,API_Import
136,ABN00136,FRN0019,L'art de changer en toute tranquilité,"Réserver porte trésor occuper chasse couleur.
Vaincre envie si grave. Remplacer enfermer point quant à fumer. Quand lèvre soumettre lever.",99.41 €,CLOUD,2025-05-18 03:29:23,Manual_Entry
137,ABN00137,FRN0014,L'art de concrétiser vos projets autrement,Individual because show hour move poor. Small bank world purpose investment at table.,EUR 75.6,MUSIC,2025-04-28 19:38:50,Legacy_DB
138,ABN00138,FRN0030,Organized regional middleware,"Behind once by final. Paper listen impact tell positive serious.
Speech interview real better manager huge. Probably my when important.",50,CLOUD,2025-03-25 22:27:22,Mobile_App_v2
139,ABN00139,FRN0023,Le droit d'avancer autrement,"Rendre ciel sourd faute. Distinguer métier mur dehors femme.
User accord neuf rideau considérer surprendre. Vous vivant rester adresser vrai succès.",58.56,MUSIC,2025-03-26 11:09:35,Legacy_DB
140,ABN00140,FRN0011,Organic multimedia solution,"Now reach language. Beat house stage college nearly political. Whose a fact on space not blood.
Performance lose charge follow owner many. Agent stuff treatment hard score. First under truth.","22,78",streaming,2025-02-07 16:11:24,Web_Form
141,ABN00141,FRN0026,Object-based grid-enabled website,"Mouth bag box with moment always their. Similar above owner energy organization police.
Night threat glass leg anyone do admit. Operation adult big theory. Plant as medical structure already every.","61,39",TELECOM,2025-03-28 12:52:16,Web_Form
142,ABN00142,FRN0015,L'art de rouler de manière efficace,Couche conscience se connaissance terre ferme de calme. Circonstance doute heureux violence terrain accent.,34,STREAMING,2025-04-07 19:03:39,Legacy_DB
143,ABN00143,FRN0011,Sharable dedicated adapter,Size toward prepare interest employee. Later dream war same explain agent speak.,EUR 59.86,streaming,2025-05-08 05:59:44,Manual_Entry
144,ABN00144,FRN0022,Optimized neutral monitoring,"Mauvais bataille supérieur caractère. D'Autres pensée égal relever rouge attacher. Prison ici pays saisir ignorer colon.
Ville noir discussion quoi ni aimer. Lisser même élever.",94.57,STREAMING,2025-01-02 23:40:23,Mobile_App_v2
145,ABN00145,FRN0010,L'avantage d'évoluer sans soucis,"Until method program their media skill. Scientist director vote good natural investment civil. Story democratic without stop military drive.
List modern above meet participant during significant.",18.44 €,MUSIC,2025-01-10 00:30:26,Mobile_App_v2
146,ABN00146,FRN0010,Le confort d'avancer avant-tout,Note recent land trip majority. Suddenly opportunity especially small. Project wide above no agreement instead. Next go great put ready player.,74,TELECOM,2025-02-28 02:48:24,Mobile_App_v2
147,ABN00147,FRN0014,L'avantage de rouler en toute tranquilité,"Mort angoisse debout surprendre étrange contre court. Vaincre derrière auquel.
Tantôt révolution étendre vieillard calme sourire. Voisin droit retirer poitrine anglais.","57,23",Cloud Storage,2025-04-15 12:57:59,Legacy_DB
148,ABN00148,FRN0009,Synergized discrete definition,Teach serve could something right beyond central prevent. Ahead year cold group those stage chance. Subject herself consumer property book anything.,"14,1",TELECOM,2025-05-06 06:25:41,Mobile_App_v2
149,ABN00149,FRN0005,L'assurance d'avancer plus facilement,Hier espace nuage enfance. Objet cesser asseoir chaque vers foule avancer importer. Faute circonstance tapis fils nous soit passer mon. État voie blanc cerveau forcer avant découvrir.,EUR 74.39,FORFAIT APPEL CONX,2025-01-31 17:54:50,Manual_Entry
150,ABN00150,FRN0024,L'art d'évoluer en toute tranquilité,"Combat bras événement défaut erreur. Ennemi doigt problème.
Naturellement branche demeurer selon. Seuil jouer nommer pas digne oeil cent.",EUR 26.06,CLOUD,2025-03-02 17:07:19,API_Import
151,ABN00151,FRN0009,Versatile systemic definition,Éloigner meilleur larme. Larme figurer moyen vendre souhaiter rassurer.,"91,89",MUSIC,2025-05-14 17:17:04,CRM_System
152,ABN00152,FRN0019,Persevering tangible alliance,Perte rencontrer exprimer tombe. Quand avis nez comme cinquante connaissance. Accorder briller connaissance protéger pièce partir.,EUR 37.26,FORFAIT APPEL CONX,2025-03-23 03:27:26,Manual_Entry
153,ABN00153,FRN0034,L'assurance d'avancer en toute tranquilité,"Cost suddenly indeed customer kind history young. Suffer property store hear.
Set either big send. Message moment memory. Hot add perform arrive number base.",83.02,FORFAIT APPEL CONX,2025-02-03 15:22:21,CRM_System
154,ABN00154,FRN0011,L'avantage de rouler de manière sûre,"Sit still most new whatever. Maybe sure bed factor charge.
Part drug fear animal quickly need. Blood effort likely short kid.",EUR 67.31,MUSIC,2025-01-03 14:39:25,API_Import
155,ABN00155,FRN0028,Seamless holistic definition,"Rate talk professor. Low budget politics fly impact raise boy pull.
Call tough whether speak travel degree class born. Center pass season room major star. Church order east note.",53.16,CLOUD,2025-05-22 13:21:57,Legacy_DB
156,ABN00156,FRN0024,Configurable holistic customer loyalty,Fonder sauver heureux chacun fort dire. Sans arrivée naturel gros conscience jardin. Paysage agir dégager avance quand. Moyen descendre recueillir masse.,"81,23",Cloud Storage,2025-01-28 21:04:00,Mobile_App_v2
157,ABN00157,FRN0025,Centralized eco-centric focus group,"Peser ensuite douze ça politique genou seigneur. Vif sombre foi dame maître travailler acheter. Entrer inconnu couleur goutte histoire grâce chaud.
Course sol couche fuir. Patron respirer dieu.",85.2,MUSIC,2025-03-03 17:02:12,CRM_System
158,ABN00158,FRN0030,Business-focused 24/7 workforce,"Capital position score. During manager party thought seat finally get.
Organization me laugh however. Possible answer across sit small.","23,77",STREAMING,2025-03-17 09:53:44,Legacy_DB
159,ABN00159,FRN0024,Reactive static capacity,"Jambe geste terrible an silence craindre. Occuper condition vieux route souffrir. Inutile signifier bois mer.
Second le ou contenir.
Appel comme minute hiver. Rejoindre avec lentement danger étendue.",EUR 51.51,FORFAIT APPEL CONX,2025-03-28 16:24:30,Mobile_App_v2
160,ABN00160,FRN0027,L'assurance d'avancer à l'état pur,"Nous décider songer.
Jeunesse trésor compagnon foi doute entendre. Occasion sec ancien rentrer jardin avec plante armer. Sentir partie quand école image vague main. Crise arrêter propos baisser rang.",69.12,FORFAIT APPEL CONX,2025-02-03 12:00:58,Mobile_App_v2
161,ABN00161,FRN0026,Le droit d'atteindre vos buts de manière efficace,"Face rang grandir essuyer année. Hier terme non descendre allumer.
Pitié aile franchir précis souvenir cas. Confondre connaissance fuir signer. Patron remonter oser rejoindre ici paysage gros.",8.38 €,MUSIC,2025-01-14 22:00:39,CRM_System
162,ABN00162,FRN0023,Le pouvoir de rouler à sa source,"Beyond each heart beyond financial chance.
Movement natural gun door all. Science rate baby sell hit business sister.","51,88",Cloud Storage,2025-01-10 18:40:01,API_Import
163,ABN00163,FRN0030,La liberté d'innover sans soucis,"Lead its especially. The agree pressure mouth parent bit. Learn more ball body sit.
Enter politics gun various inside line pattern general. State outside law material door land.",28.19,STREAMING,2025-01-27 19:21:40,Mobile_App_v2
164,ABN00164,FRN0025,Le plaisir de concrétiser vos projets de manière efficace,"Name system local expert yeah. Role design pretty response.
Which few skin though compare interest. A week book south indicate.",89,Cloud Storage,2025-03-15 05:26:56,CRM_System
165,ABN00165,FRN0017,Public-key non-volatile info-mediaries,Total until describe necessary single discuss agreement. Detail raise turn direction rock real bad. Office Congress weight single religious way. Product cold various himself.,37.09,TELECOM,2025-01-11 08:59:38,Legacy_DB
166,ABN00166,FRN0035,La liberté d'atteindre vos buts de manière sûre,Quality moment rock student minute edge. Local expect pass person arm claim than. Make book national important.,80.4 €,Cloud Storage,2025-03-13 04:07:21,CRM_System
167,ABN00167,FRN0012,Multi-channeled local conglomeration,Soi poitrine heure froid court secret reconnaître. Recueillir musique venir supposer affaire contraire.,EUR 77.27,streaming,2025-05-25 15:14:09,Manual_Entry
168,ABN00168,FRN0014,Versatile intangible benchmark,"Figure improve maintain night audience off through moment. Possible thought apply most way recently box debate. Matter international management.
Boy develop worker create. Sort drug like technology.",9.35,TELECOM,2025-04-14 23:54:03,Legacy_DB
169,ABN00169,FRN0007,Le plaisir de changer avant-tout,Serve buy loss everything run page child. Since throughout black speak attorney outside. Follow thing at school. Story test today toward blood.,31.1 €,MUSIC,2025-02-15 09:22:24,CRM_System
170,ABN00170,FRN0030,La liberté de rouler plus rapidement,"Hope simply owner across sign like. Miss say simple perform practice investment.
Think often let picture trip allow. Painting compare blue low simply could practice set.",63,FORFAIT APPEL CONX,2025-02-24 19:30:21,Manual_Entry
171,ABN00171,FRN0021,Advanced tertiary contingency,"Practice position same war. Read modern social return.
Purpose early safe its final add. Between so face collection set need table.
Church evidence speak. Account over keep go thus before.",EUR 50.18,TELECOM,2025-01-27 01:34:51,Legacy_DB
172,ABN00172,FRN0025,L'avantage d'atteindre vos buts naturellement,"Nuit attitude étage masse content fait.
Clef yeux dehors tendre quel douleur repousser. Pouvoir repas pourquoi. Installer masse garde libre. Fine fermer passé.",EUR 52.4,FORFAIT APPEL CONX,2025-04-23 19:16:39,CRM_System
173,ABN00173,FRN0006,La liberté d'avancer avant-tout,"Travailler remercier calmer article nuit.
Parmi apporter souffrir courant loup matière. Passé soirée silence il frais maladie objet.",59.27 €,Cloud Storage,2025-02-28 06:28:59,API_Import
174,ABN00174,FRN0040,Le pouvoir d'avancer à sa source,Range perhaps meet station. Team property start audience poor five. Pattern Congress official wrong along whatever.,8,MUSIC,2025-04-27 11:27:38,API_Import
175,ABN00175,FRN0036,Le plaisir d'évoluer de manière sûre,Fois affirmer anglais cesser âgé par. Assez rassurer complètement toit corde table discours. Dame revenir figure pendre passion.,"7,22",MUSIC,2025-04-16 04:48:44,Legacy_DB
176,ABN00176,FRN0014,Versatile content-based portal,"Soldier situation figure exactly piece chance able interesting.
Seat establish course south purpose much discover. Either line bill whatever money.",17.51 €,STREAMING,2025-02-13 06:27:28,API_Import
177,ABN00177,FRN0036,Realigned scalable model,Participant these TV such tend eat. Southern painting whether exist decide over. If and leader sort mission above seven. Future carry meet lay various worry science particular.,"98,52",CLOUD,2025-05-28 07:52:47,Web_Form
178,ABN00178,FRN0021,Extended multi-tasking firmware,Désir confondre tellement montrer françois rose. Désormais ferme réclamer abandonner. Depuis énorme sens suffire en.,15,streaming,2025-05-19 07:33:34,API_Import
179,ABN00179,FRN0029,Le pouvoir de concrétiser vos projets sans soucis,Froid neuf certain naturellement mon joue temps. Chaîne arracher deviner odeur. Connaître vendre moins cercle fils fort. Troubler monter froid contenir étendue on nombre.,86.61 €,TELECOM,2025-05-19 23:58:57,Web_Form
180,ABN00180,FRN0007,L'avantage d'avancer plus facilement,"From lose grow it. A full myself measure want rather. Man fall none rich Congress exist.
Particular policy itself military affect with. Food training population sit impact.","77,48",streaming,2025-02-16 17:49:28,Manual_Entry
181,ABN00181,FRN0040,Le pouvoir de rouler de manière efficace,"Eaux armer violence précéder.
Seigneur projet trésor vague. Que peu seulement sombre public. Autorité élément âgé l'un moyen entendre table.",26,streaming,2025-04-21 17:27:13,CRM_System
182,ABN00182,FRN0037,Public-key fresh-thinking strategy,Season sense themselves feeling yeah author. Set economic positive of serve imagine. Test provide cultural mention determine result be.,"35,88",Cloud Storage,2025-04-05 01:50:13,CRM_System
183,ABN00183,FRN0033,Le pouvoir d'avancer sans soucis,"Model serve any democratic foreign chair. Section democratic fight example pick. Idea sit help school each.
Author white cultural he quickly become research. Large detail buy.",7.16 €,TELECOM,2025-02-20 16:26:08,Web_Form
184,ABN00184,FRN0013,Le confort de rouler à l'état pur,Sport enter many significant hear evening expert. Wait stuff require catch government. Land least effect stay agree. Live letter newspaper example enter.,EUR 27.73,MUSIC,2025-03-13 20:25:31,Mobile_App_v2
185,ABN00185,FRN0029,La possibilité d'évoluer de manière efficace,"Peser descendre traîner horizon front bois mal. Espace jeune rassurer pénétrer puis ventre écarter.
Désigner travailler justice casser coeur.",7.93 €,TELECOM,2025-01-15 05:29:03,Web_Form
186,ABN00186,FRN0011,Intuitive web-enabled leverage,"Arrive open small poor another. School someone head ground media.
Reveal gas moment when four. Half garden Congress customer quality walk.",52.52 €,FORFAIT APPEL CONX,2025-03-23 19:56:14,Manual_Entry
187,ABN00187,FRN0031,Le plaisir d'évoluer de manière efficace,"Outside she maybe option. Street year beautiful big thought maybe.
I baby role like interesting. Member shake impact main. Exactly left on.","69,3",STREAMING,2025-01-29 11:15:53,Legacy_DB
188,ABN00188,FRN0035,L'avantage d'avancer sans soucis,"Firm study quite. Movement company choose effect great describe because home.
Machine late during necessary study.
Run matter cold lay ten still able. Paper example admit today them coach.",95.97,FORFAIT APPEL CONX,2025-02-08 12:01:58,Legacy_DB
189,ABN00189,FRN0003,Expanded high-level archive,Across green hear environment war. Significant movement bad decide perform money. Half cold budget nearly foreign theory southern.,EUR 82.11,FORFAIT APPEL CONX,2025-04-11 03:02:23,Manual_Entry
190,ABN00190,FRN0017,Virtual regional conglomeration,"Day take onto find several occur natural. Run yeah whether.
Term country camera parent staff. Trip bill part have leg.
Subject save big. Middle choice toward far.",15,TELECOM,2025-04-05 00:54:17,CRM_System
191,ABN00191,FRN0031,L'assurance d'évoluer de manière sûre,"Dos horizon mer à doigt. Ajouter raconter marcher soirée remercier enfin.
Poste intérêt entendre. Autour intérieur anglais tête mille renverser exiger joindre.",39.81 €,CLOUD,2025-02-27 15:20:24,CRM_System
192,ABN00192,FRN0017,L'art de louer à la pointe,"Entendre sec difficile prison. Folie faible observer car fort paysage sable abri.
Noir suite rêve. Ensemble endroit matière vivre vouloir.",EUR 48.53,CLOUD,2025-01-02 23:49:40,Manual_Entry
193,ABN00193,FRN0009,La liberté d'innover à l'état pur,"Mouth public between answer yourself science. Pass field should floor image style. Down song for though build next.
Opportunity center voice tax our game area fill. Various true sound age.",79.8 €,streaming,2025-04-08 18:17:00,Mobile_App_v2
194,ABN00194,FRN0011,De-engineered coherent software,"Green point color site structure nothing high. Air cover even of.
Action notice cause. Manage set necessary lay region citizen.
Whether produce tree.",34,Cloud Storage,2025-05-15 15:21:11,Mobile_App_v2
195,ABN00195,FRN0010,Stand-alone 3rdgeneration strategy,"Way human south analysis need community very consider. Industry grow feel.
Later source realize parent game. Age that play will once form hot reach. Along too forget subject issue.",71,CLOUD,2025-03-17 14:30:56,Legacy_DB
196,ABN00196,FRN0001,La liberté de concrétiser vos projets à la pointe,Cheveu entier oh. Beaucoup table dresser hasard obéir soit. Etc général couleur toute odeur.,EUR 85.84,CLOUD,2025-05-08 23:10:17,Manual_Entry
197,ABN00197,FRN0023,Business-focused intangible project,Secret saint parfaitement violence soir avenir couler. Roche feu billet marier.,87.67 €,streaming,2025-01-25 20:24:56,API_Import
198,ABN00198,FRN0034,L'assurance de concrétiser vos projets à sa source,"Age because best risk cover him two lot. Everyone send total bag officer address meeting debate.
Task minute something she role. Collection responsibility face available represent business least.","51,1",MUSIC,2025-04-10 03:15:20,Legacy_DB
199,ABN00199,FRN0015,Virtual multi-state initiative,Security including son here produce or coach. Professional their city town response too set. Money child health among. Method interview road race story machine important.,6.35 €,CLOUD,2025-05-01 21:46:15,API_Import
200,ABN00200,FRN0001,La possibilité d'évoluer à l'état pur,Mr leader everybody whom ask. Wife history thought up investment. Set stuff present so peace interesting.,49,MUSIC,2025-02-08 04:37:28,Manual_Entry
